PN,ADI,CVÂ²,Classification,Mean_Demand,Std_Demand,Periods_with_Demand,Total_Periods
2215364501,0.9333,35.25,Erratic,0.07,0.41,2,58
56H442,1.0,35.25,Erratic,0.07,0.41,2,58
22156283,1.0137,0.7078,Erratic,20.03,16.86,57,58
30210,1.014,1.6003,Erratic,10.03,12.69,58,58
4205401,1.014,0.6533,Erratic,27.88,22.53,58,58
1982660116,1.014,1.0857,Erratic,15.19,15.83,58,58
066012120102,1.014,0.591,Erratic,19.29,14.83,58,58
066500080409,1.014,0.548,Erratic,24.83,18.38,58,58
100370750,1.014,0.5106,Erratic,18.02,12.87,58,58
115195219,1.014,1.2526,Erratic,16.14,18.06,58,58
11519681,1.014,0.9842,Erratic,13.57,13.46,58,58
1263A000003,1.014,0.5644,Erratic,25.52,19.17,58,58
1296943,1.014,1.1047,Erratic,14.03,14.75,58,58
1320A000002,1.014,0.6812,Erratic,18.21,15.03,58,58
1386M56P03,1.014,0.5496,Erratic,14.22,10.55,58,58
141T400422,1.014,2.3713,Erratic,11.31,17.42,58,58
14403003C,1.014,0.8237,Erratic,18.03,16.37,58,58
144955000702,1.014,0.7047,Erratic,16.03,13.46,58,58
1519M89P31,1.014,1.0502,Erratic,14.09,14.44,58,58
1539M12P02,1.014,0.5271,Erratic,7.29,5.29,58,58
154EW2,1.014,1.1912,Erratic,14.71,16.05,58,58
1605642,1.014,0.569,Erratic,24.09,18.17,58,58
1700667D,1.014,0.5317,Erratic,19.86,14.48,58,58
1864M90P04,1.014,0.7941,Erratic,14.84,13.23,58,58
2079102AB,1.014,1.3227,Erratic,12.45,14.32,58,58
2079113AC,1.014,1.3908,Erratic,11.83,13.95,58,58
2118966222,1.014,1.1993,Erratic,13.69,14.99,58,58
2123M56P04,1.014,1.3277,Erratic,12.34,14.22,58,58
21684,1.014,0.6626,Erratic,28.62,23.3,58,58
23418303,1.014,1.2652,Erratic,11.02,12.39,58,58
23419262,1.014,0.7741,Erratic,18.09,15.91,58,58
251A12403,1.014,0.548,Erratic,18.67,13.82,58,58
27045064,1.014,0.4905,Erratic,33.36,23.36,58,58
276802,1.014,0.5538,Erratic,23.21,17.27,58,58
31077211,1.014,0.8994,Erratic,14.69,13.93,58,58
315A28001,1.014,0.6839,Erratic,16.74,13.84,58,58
326879210,1.014,0.518,Erratic,20.93,15.07,58,58
350558265,1.014,0.7642,Erratic,20.03,17.51,58,58
350594510,1.014,0.5926,Erratic,23.47,18.06,58,58
350E5500206,1.014,0.6802,Erratic,13.52,11.15,58,58
3522W000002,1.014,0.732,Erratic,16.52,14.13,58,58
35E385,1.014,0.9499,Erratic,12.26,11.95,58,58
3732A010000,1.014,0.756,Erratic,17.98,15.64,58,58
38762231,1.014,0.9874,Erratic,12.55,12.47,58,58
3966081,1.014,0.5004,Erratic,32.76,23.17,58,58
401MFD33,1.014,0.9254,Erratic,11.45,11.01,58,58
4052506955,1.014,0.5667,Erratic,16.12,12.14,58,58
4063160823,1.014,0.5396,Erratic,22.57,16.58,58,58
4091900942,1.014,0.5815,Erratic,17.5,13.34,58,58
41310203,1.014,0.5394,Erratic,23.69,17.4,58,58
41310204,1.014,0.4922,Erratic,30.22,21.21,58,58
41F1005,1.014,0.7497,Erratic,16.03,13.88,58,58
41F9003,1.014,0.7728,Erratic,17.53,15.41,58,58
4360004850018,1.014,0.6606,Erratic,19.24,15.64,58,58
8220334002,1.014,0.7699,Erratic,45.91,40.29,58,58
9105A000502,1.014,0.5549,Erratic,16.48,12.28,58,58
9302000001,1.014,0.5286,Erratic,28.05,20.39,58,58
9651690055,1.014,11.0883,Erratic,20.88,69.53,58,58
ACP2788AD01,1.014,0.4941,Erratic,19.02,13.37,58,58
118115381,1.0321,0.8735,Erratic,18.64,17.42,57,58
1216648,1.0321,0.6407,Erratic,20.53,16.44,57,58
1347M31P01,1.0321,0.5742,Erratic,5.19,3.93,57,58
141A481037,1.0321,1.4546,Erratic,12.28,14.81,57,58
142147,1.0321,1.1499,Erratic,12.72,13.64,57,58
144405000033,1.0321,0.7236,Erratic,21.03,17.89,57,58
154DN2,1.0321,2.7873,Erratic,7.91,13.21,57,58
1567A000001,1.0321,0.7033,Erratic,18.28,15.33,57,58
1605140002,1.0321,2.3899,Erratic,8.57,13.25,57,58
2040061103,1.0321,0.8934,Erratic,15.76,14.9,57,58
2042M67P04,1.0321,0.6498,Erratic,20.38,16.43,57,58
2050067101,1.0321,0.4989,Erratic,8.31,5.87,57,58
2079113AD,1.0321,1.026,Erratic,14.97,15.16,57,58
22222541,1.0321,1.0287,Erratic,25.12,25.48,57,58
2271500002,1.0321,1.6772,Erratic,10.0,12.95,57,58
350E053021818,1.0321,2.6394,Erratic,6.95,11.29,57,58
350L0100104,1.0321,7.4898,Erratic,11.83,32.37,57,58
360191,1.0321,0.5251,Erratic,19.48,14.12,57,58
38762871,1.0321,0.6913,Erratic,16.07,13.36,57,58
401MFD43,1.0321,1.0996,Erratic,12.09,12.67,57,58
4081600940,1.0321,0.6767,Erratic,17.07,14.04,57,58
410100211,1.0321,0.5083,Erratic,20.21,14.41,57,58
41010029,1.0321,2.2856,Erratic,7.6,11.5,57,58
41809104,1.0321,0.8919,Erratic,11.95,11.28,57,58
41SG2726,1.0321,1.0346,Erratic,13.57,13.8,57,58
5053441,1.0321,0.6798,Erratic,6.91,5.7,57,58
60920001,1.0321,0.5653,Erratic,9.64,7.25,57,58
692D10015,1.0321,0.504,Erratic,10.88,7.72,57,58
7454000516,1.0321,0.7507,Erratic,7.95,6.89,57,58
EB101729C,1.0321,0.4903,Erratic,8.0,5.6,57,58
LA2T0G20503B050,1.0321,0.5217,Erratic,4.21,3.04,57,58
MC1025110,1.0321,0.5195,Erratic,5.45,3.93,56,58
UA5387281,1.0321,0.5313,Erratic,5.78,4.21,57,58
820101000703,1.0333,35.25,Erratic,0.07,0.41,2,58
F5397544501200,1.0333,28.0,Erratic,0.03,0.18,2,58
6840023E16,1.0509,0.4972,Erratic,10.67,7.53,56,58
019012001,1.0509,0.8883,Erratic,10.91,10.29,56,58
1853M33P06,1.0509,1.2675,Erratic,13.59,15.3,56,58
2056C000001,1.0509,0.5804,Erratic,28.9,22.02,56,58
3022053001,1.0509,0.6461,Erratic,16.28,13.08,56,58
3402562520,1.0509,0.785,Erratic,11.16,9.88,56,58
6225132623,1.0509,0.6828,Erratic,8.21,6.78,56,58
640CC04A2Y00,1.0509,0.4972,Erratic,10.84,7.65,56,58
65B084156,1.0509,0.6323,Erratic,4.26,3.39,56,58
766352A,1.0509,0.7247,Erratic,10.53,8.97,56,58
8198021,1.0509,0.4975,Erratic,7.17,5.06,56,58
8TC19AAN1,1.0509,0.6113,Erratic,8.02,6.27,56,58
HTE690047,1.0509,0.589,Erratic,5.59,4.29,56,58
3A2260008011,1.0522,0.7066,Erratic,4.79,4.03,54,58
430201,1.0704,1.5902,Erratic,9.07,11.44,55,58
1601425,1.0704,0.547,Erratic,5.72,4.23,55,58
1855M62G01,1.0704,0.6862,Erratic,8.4,6.96,55,58
2080M35G04,1.0704,0.5492,Erratic,7.1,5.26,55,58
22156322,1.0704,2.4249,Erratic,9.33,14.53,55,58
2901501501,1.0704,0.811,Erratic,5.4,4.86,55,58
3013197240,1.0704,0.5623,Erratic,8.43,6.32,55,58
3262154,1.0704,0.6413,Erratic,6.43,5.15,55,58
3380795060,1.0704,0.5309,Erratic,5.14,3.74,55,58
3400002050,1.0704,0.4955,Erratic,6.33,4.45,55,58
3888394221205,1.0704,2.1949,Erratic,7.86,11.65,55,58
8061640,1.0704,0.5893,Erratic,8.12,6.23,55,58
82C100202,1.0704,1.1153,Erratic,4.34,4.59,55,58
9339M40G05,1.0704,0.6193,Erratic,10.53,8.29,55,58
9992M65G08,1.0704,0.5008,Erratic,3.95,2.79,55,58
S700N1518,1.0704,1.5478,Erratic,6.76,8.41,55,58
254A115010,1.0717,4.0601,Erratic,5.34,10.77,54,58
3380637050,1.0745,1.3068,Erratic,10.59,12.1,52,58
901560,1.0906,0.5453,Erratic,5.71,4.21,54,58
1153701318,1.0906,4.6776,Erratic,6.28,13.57,54,58
3250349020,1.0906,0.5093,Erratic,5.1,3.64,54,58
426HE138,1.0906,0.5442,Erratic,7.21,5.32,54,58
457311381,1.0906,0.647,Erratic,5.1,4.11,54,58
50L627,1.0906,0.5415,Erratic,5.45,4.01,54,58
5108461,1.0906,0.6343,Erratic,8.24,6.56,54,58
54L732,1.0906,0.7376,Erratic,4.55,3.91,54,58
5A31092,1.0906,0.7893,Erratic,8.9,7.9,54,58
D2157160120000,1.0906,1.1348,Erratic,38.52,41.03,54,58
HG2030AE43,1.0906,0.5011,Erratic,7.45,5.27,54,58
K644P16,1.0906,0.6228,Erratic,6.4,5.05,54,58
R002101,1.0906,0.4993,Erratic,7.93,5.6,54,58
RR37100B,1.0906,0.631,Erratic,3.72,2.96,54,58
4521222200,1.0923,1.1666,Erratic,4.74,5.12,53,58
5860017139,1.0923,0.7135,Erratic,3.83,3.23,53,58
9978M69G43,1.0948,0.6734,Erratic,4.93,4.05,52,58
P241P02,1.0948,0.8778,Erratic,6.9,6.46,52,58
442274,1.1115,1.0277,Erratic,6.5,6.59,53,58
1578M30G08,1.1115,0.5179,Erratic,5.95,4.28,53,58
1862M48P02,1.1115,0.5532,Erratic,5.62,4.18,53,58
2080M12G01,1.1115,0.7517,Erratic,6.86,5.95,53,58
2101M69G01,1.1115,0.591,Erratic,3.93,3.02,53,58
224M4761539,1.1115,0.5782,Erratic,4.64,3.53,53,58
3381083040,1.1115,1.4876,Erratic,5.71,6.96,53,58
642W9956501,1.1115,0.6986,Erratic,4.83,4.03,53,58
K190P04,1.1115,0.6975,Erratic,4.84,4.05,53,58
52K671,1.1137,0.5951,Erratic,3.24,2.5,52,58
709525,1.1333,0.8718,Erratic,3.91,3.65,52,58
5909780,1.1333,1.1169,Erratic,6.0,6.34,52,58
1613581,1.1333,0.7916,Erratic,5.17,4.6,52,58
20412203231,1.1333,2.8136,Erratic,8.48,14.23,52,58
2101M71G07,1.1333,1.6786,Erratic,4.48,5.81,52,58
211738813,1.1333,5.3094,Erratic,5.53,12.75,52,58
2118M94G03,1.1333,1.0402,Erratic,5.76,5.87,52,58
32829705,1.1333,1.504,Erratic,13.79,16.92,52,58
3400275070,1.1333,0.6657,Erratic,4.97,4.05,52,58
3400840030,1.1333,0.838,Erratic,3.98,3.65,52,58
38832406,1.1333,0.5679,Erratic,4.88,3.68,52,58
50L879,1.1333,0.6625,Erratic,4.05,3.3,52,58
53L882,1.1333,0.8206,Erratic,3.57,3.23,52,58
980107902,1.1333,0.8518,Erratic,3.09,2.85,52,58
K215P02,1.1333,0.6752,Erratic,4.95,4.07,52,58
P243P02,1.1333,0.6923,Erratic,7.66,6.37,52,58
P263G01,1.1333,1.0339,Erratic,5.55,5.65,52,58
K645P16,1.136,0.6122,Erratic,6.47,5.06,51,58
9978M69G40,1.1395,0.6043,Erratic,5.45,4.24,50,58
1308M32G12,1.156,0.6815,Erratic,4.21,3.47,51,58
332A232254,1.156,0.6638,Erratic,7.34,5.98,51,58
4300702,1.156,0.8042,Erratic,4.21,3.77,51,58
50L664,1.156,1.3414,Erratic,3.52,4.07,51,58
54L572,1.156,0.7604,Erratic,3.69,3.22,51,58
95N6089,1.156,0.7823,Erratic,3.74,3.31,51,58
C12849AB04,1.156,0.4928,Erratic,3.88,2.72,51,58
C247360013,1.156,0.7775,Erratic,5.6,4.94,51,58
HAD18540,1.156,0.8982,Erratic,4.03,3.82,51,58
K024G02,1.156,0.5971,Erratic,4.6,3.56,51,58
Z033H0003112,1.156,0.6329,Erratic,3.9,3.1,51,58
1851M47G01,1.1632,1.1595,Erratic,10.33,11.12,49,58
1277M90G01,1.1796,0.6195,Erratic,3.52,2.77,50,58
283322,1.1796,7.3363,Erratic,4.79,12.98,50,58
38861673,1.1796,0.8062,Erratic,3.52,3.16,50,58
780A000001,1.1796,0.5386,Erratic,3.64,2.67,50,58
9542M67P01,1.1796,0.9391,Erratic,7.72,7.49,50,58
K388P11,1.1796,0.8438,Erratic,4.29,3.94,50,58
52N67301,1.1878,0.8449,Erratic,2.16,1.98,42,58
P242P04,1.1879,1.7599,Erratic,6.45,8.55,48,58
1668M93G02,1.2042,0.887,Erratic,4.07,3.83,49,58
3381127070,1.2042,0.7535,Erratic,2.33,2.02,49,58
55L492,1.2042,0.597,Erratic,2.53,1.96,49,58
K289P07,1.2042,0.7648,Erratic,5.36,4.69,49,58
P333P05,1.2042,1.4427,Erratic,4.5,5.41,49,58
3381116030,1.2078,1.2402,Erratic,4.47,4.97,48,58
120814,1.2178,0.678,Erratic,2.36,1.94,46,58
1550127320,1.2178,2.7371,Erratic,4.86,8.04,46,58
32365161,1.2298,0.9479,Erratic,3.6,3.51,48,58
3401164010,1.2298,0.7519,Erratic,4.66,4.04,48,58
556115306001,1.2298,0.9985,Erratic,4.59,4.58,48,58
7856203,1.2298,0.875,Erratic,4.0,3.74,48,58
K643P20,1.2298,0.7482,Erratic,4.64,4.01,48,58
Y0053,1.2298,0.6351,Erratic,3.26,2.6,48,58
1509M93G08,1.2341,0.8566,Erratic,2.5,2.31,47,58
9373M82G06,1.2348,1.0865,Erratic,3.84,4.01,47,58
K289P10,1.2348,0.8214,Erratic,4.29,3.89,47,58
K488P07,1.2407,0.9377,Erratic,2.72,2.64,46,58
ABS0951B3LM006,1.2512,0.8785,Erratic,2.79,2.62,44,58
1211285008,1.2565,1.1691,Erratic,3.43,3.71,47,58
2101M69G13,1.2565,0.8399,Erratic,2.69,2.46,47,58
7075M51G10,1.2565,1.0961,Erratic,2.83,2.96,47,58
8000959Y00,1.2565,0.7942,Erratic,3.9,3.47,47,58
921742,1.2565,0.8588,Erratic,2.55,2.36,47,58
K388P14,1.2565,1.1807,Erratic,3.41,3.71,47,58
K818P05,1.2565,0.8976,Erratic,3.84,3.64,47,58
K919P08,1.2565,1.1059,Erratic,3.72,3.92,47,58
7766131,1.2615,0.8679,Erratic,5.14,4.79,46,58
2703400,1.2844,0.8872,Erratic,3.29,3.1,46,58
332A235011,1.2844,0.9553,Erratic,3.43,3.35,46,58
41SG2401,1.2844,0.8053,Erratic,2.91,2.61,46,58
60799900,1.2844,1.7061,Erratic,3.47,4.53,46,58
K644P13,1.2844,1.0957,Erratic,3.31,3.47,46,58
K645P14,1.2844,0.9793,Erratic,3.31,3.28,46,58
K818P08,1.2844,1.3657,Erratic,4.59,5.36,46,58
SP3062C,1.2844,0.8996,Erratic,3.43,3.25,46,58
115195213,1.2984,9.5932,Erratic,4.22,13.08,44,58
676209642,1.2984,0.9303,Erratic,6.97,6.72,44,58
1474M31G02,1.3136,0.9542,Erratic,2.4,2.34,45,58
3400759050,1.3136,1.1907,Erratic,2.71,2.95,45,58
1346M31G05,58.0,0.0,Intermittent,0.0,0.0,0,58
1446M79G01,58.0,0.0,Intermittent,0.0,0.0,0,58
1519M67P02,58.0,0.0,Intermittent,0.0,0.0,0,58
1582M14G03,58.0,0.0,Intermittent,0.0,0.0,0,58
1824M73G01,58.0,0.0,Intermittent,0.0,0.0,0,58
1958M34G01,58.0,0.0,Intermittent,0.0,0.0,0,58
2214950803,58.0,0.0,Intermittent,0.0,0.0,0,58
2215401519,58.0,0.0,Intermittent,0.0,0.0,0,58
2215901523,58.0,0.0,Intermittent,0.0,0.0,0,58
221W5102517,58.0,0.0,Intermittent,0.0,0.0,0,58
332T4922340,58.0,0.0,Intermittent,0.0,0.0,0,58
332U2911646,58.0,0.0,Intermittent,0.0,0.0,0,58
332W3342121,58.0,0.0,Intermittent,0.0,0.0,0,58
332W334298,58.0,0.0,Intermittent,0.0,0.0,0,58
332W339813,58.0,0.0,Intermittent,0.0,0.0,0,58
3400052020,58.0,0.0,Intermittent,0.0,0.0,0,58
3400903010,58.0,0.0,Intermittent,0.0,0.0,0,58
50A737,58.0,0.0,Intermittent,0.0,0.0,0,58
50B81701,58.0,0.0,Intermittent,0.0,0.0,0,58
50G669,58.0,0.0,Intermittent,0.0,0.0,0,58
50M642,58.0,0.0,Intermittent,0.0,0.0,0,58
50M688,58.0,0.0,Intermittent,0.0,0.0,0,58
50U23401,58.0,0.0,Intermittent,0.0,0.0,0,58
50U68801,58.0,0.0,Intermittent,0.0,0.0,0,58
51D12601,58.0,0.0,Intermittent,0.0,0.0,0,58
51D128,58.0,0.0,Intermittent,0.0,0.0,0,58
51R073,58.0,0.0,Intermittent,0.0,0.0,0,58
51U963,58.0,0.0,Intermittent,0.0,0.0,0,58
52D45101,58.0,0.0,Intermittent,0.0,0.0,0,58
52G03001,58.0,0.0,Intermittent,0.0,0.0,0,58
52T78301,58.0,0.0,Intermittent,0.0,0.0,0,58
52U53701,58.0,0.0,Intermittent,0.0,0.0,0,58
53M770,58.0,0.0,Intermittent,0.0,0.0,0,58
55H67601,58.0,0.0,Intermittent,0.0,0.0,0,58
58T43901,58.0,0.0,Intermittent,0.0,0.0,0,58
59T52801,58.0,0.0,Intermittent,0.0,0.0,0,58
59T760,58.0,0.0,Intermittent,0.0,0.0,0,58
59T89701,58.0,0.0,Intermittent,0.0,0.0,0,58
59T91001,58.0,0.0,Intermittent,0.0,0.0,0,58
5R0197,58.0,0.0,Intermittent,0.0,0.0,0,58
70R043,58.0,0.0,Intermittent,0.0,0.0,0,58
9268M30G01,58.0,0.0,Intermittent,0.0,0.0,0,58
2A2210,1.3202,1.0585,Lumpy,2.62,2.7,44,58
AS3209156,1.3202,1.0477,Lumpy,1.91,1.96,44,58
3400507050,1.3209,1.1156,Lumpy,3.12,3.3,44,58
K645P13,1.3209,1.0153,Lumpy,3.0,3.02,44,58
3380682110,1.3274,0.8676,Lumpy,1.72,1.61,40,58
1559M27G03,1.3442,1.0631,Lumpy,2.72,2.81,44,58
2241A000002,1.3442,7.8149,Lumpy,4.71,13.16,44,58
3250273030,1.3442,1.062,Lumpy,2.47,2.54,44,58
3380788060,1.3442,0.9601,Lumpy,3.28,3.21,44,58
90498611,1.3442,1.311,Lumpy,2.53,2.9,44,58
D4918529400800,1.3442,0.9579,Lumpy,2.48,2.43,44,58
D5288016500500,1.3442,1.1653,Lumpy,2.59,2.79,44,58
R287P06,1.3516,0.9779,Lumpy,2.5,2.47,43,58
52G210,1.3524,1.3428,Lumpy,3.14,3.64,43,58
J534P56,1.3618,1.1702,Lumpy,2.79,3.02,42,58
1559M27G06,1.3708,2.3573,Lumpy,2.64,4.05,41,58
1808M61G04,1.3762,1.0704,Lumpy,3.5,3.62,43,58
21SN04460,1.3762,8.1618,Lumpy,4.6,13.15,43,58
38761327,1.3762,1.124,Lumpy,2.21,2.34,43,58
9392M87G06,1.3762,1.698,Lumpy,4.34,5.66,43,58
K027P07,1.3762,1.0717,Lumpy,2.74,2.84,43,58
K090P04,1.3762,1.3985,Lumpy,2.19,2.59,43,58
K190P01,1.3762,1.0691,Lumpy,3.71,3.83,43,58
K289P09,1.3769,1.32,Lumpy,1.81,2.08,40,58
K643P17,1.3854,1.1087,Lumpy,3.4,3.58,42,58
K645P15,1.3854,0.9648,Lumpy,2.71,2.66,42,58
6496021310,1.3886,1.2076,Lumpy,2.41,2.65,39,58
TY154024E,1.4051,1.168,Lumpy,1.86,2.01,40,58
3051514030,1.4098,1.2813,Lumpy,2.05,2.32,42,58
3400584050,1.4098,1.4243,Lumpy,3.83,4.57,42,58
38762181,1.4098,2.0138,Lumpy,6.02,8.54,42,58
K615P04,1.4098,1.0381,Lumpy,2.07,2.11,42,58
K715P08,1.4098,1.0353,Lumpy,2.69,2.74,42,58
K818P06,1.4098,1.258,Lumpy,2.12,2.38,42,58
K818P07,1.4098,1.4702,Lumpy,2.02,2.45,42,58
2A2351,1.4158,1.5607,Lumpy,2.81,3.51,39,58
K488P10,1.42,1.4431,Lumpy,1.91,2.3,41,58
1509M93G07,1.445,1.053,Lumpy,2.48,2.55,41,58
K644P14,1.445,1.4982,Lumpy,2.16,2.64,41,58
C49AA0222,1.4541,2.4133,Lumpy,1.62,2.52,38,58
1578M30G36,1.4821,1.1993,Lumpy,2.67,2.93,40,58
38625521,1.4821,1.641,Lumpy,1.88,2.41,40,58
50S027,1.4821,1.0126,Lumpy,2.02,2.03,40,58
K643P19,1.4821,0.8516,Lumpy,2.02,1.86,40,58
K644P15,1.4821,1.2668,Lumpy,2.02,2.27,40,58
50L629,1.4944,2.9071,Lumpy,2.22,3.79,37,58
238D0611507,1.4947,1.0402,Lumpy,2.09,2.13,39,58
1B6876,1.5057,1.4306,Lumpy,1.76,2.1,36,58
355992255,1.5211,1.327,Lumpy,1.6,1.85,39,58
9215M71P02,1.5211,1.5118,Lumpy,2.48,3.05,39,58
9023B000501,1.5342,1.357,Lumpy,2.47,2.87,38,58
FT1348,1.5342,1.1794,Lumpy,1.6,1.74,38,58
AS18954150,1.5351,1.0742,Lumpy,1.62,1.68,38,58
31791451,1.5374,1.5382,Lumpy,2.26,2.8,34,58
3401304010,1.5622,1.6481,Lumpy,2.84,3.65,38,58
K643P18,1.5622,1.0765,Lumpy,2.05,2.13,38,58
LR47390D,1.5622,1.9013,Lumpy,2.71,3.73,38,58
568127203002,1.5952,1.6351,Lumpy,1.55,1.98,36,58
1305M68P03,1.6056,1.6404,Lumpy,2.34,3.0,37,58
1509M93G09,1.6056,1.3848,Lumpy,1.83,2.15,37,58
3380151010,1.6056,1.0664,Lumpy,2.12,2.19,37,58
9392M86G10,1.6056,1.6825,Lumpy,1.57,2.04,37,58
114A75425,1.6098,2.1708,Lumpy,1.98,2.92,35,58
K488P11,1.6229,1.3944,Lumpy,1.53,1.81,36,58
38881239,1.6303,2.0702,Lumpy,1.93,2.78,34,58
3402565010,1.6422,1.4243,Lumpy,1.91,2.28,35,58
9523M35G03,1.6514,1.3239,Lumpy,1.67,1.92,36,58
1288M99G11,1.6696,2.039,Lumpy,1.67,2.39,35,58
3370751070,1.6699,10.9156,Lumpy,3.4,11.22,32,58
K919P07,1.6706,1.371,Lumpy,1.59,1.86,35,58
K919P05,1.6919,1.2965,Lumpy,1.26,1.43,34,58
1211318003,1.7,1.3612,Lumpy,1.71,1.99,35,58
310A20375,1.7,1.7777,Lumpy,1.79,2.39,35,58
7405720505,1.7,1.3806,Lumpy,1.6,1.88,35,58
HW413,1.7,2.6627,Lumpy,3.24,5.29,35,58
DMN15021,1.7135,1.3925,Lumpy,1.38,1.63,33,58
50P41801,1.7427,1.5208,Lumpy,1.28,1.57,33,58
2101M69G02,1.7515,2.8133,Lumpy,1.34,2.26,34,58
44400522700,1.7656,2.3346,Lumpy,1.83,2.79,32,58
K488P14,1.7656,1.7429,Lumpy,1.14,1.5,32,58
332A239045,1.775,2.3654,Lumpy,1.55,2.39,29,58
A253121,1.775,1.5923,Lumpy,1.33,1.68,33,58
K190P02,1.775,1.7121,Lumpy,1.74,2.28,33,58
2564M18P02,1.7933,1.9934,Lumpy,1.81,2.56,31,58
K465P03,1.7989,2.0395,Lumpy,1.05,1.5,32,58
7449FT972,1.8062,1.7418,Lumpy,1.69,2.23,33,58
AD92272050,1.8119,1.9869,Lumpy,1.28,1.8,29,58
38444701,1.82,9.6531,Lumpy,0.12,0.37,6,58
AE7076321,1.8312,2.114,Lumpy,1.28,1.86,32,58
201117022,1.8552,18.6796,Lumpy,2.98,12.89,30,58
3381117010,1.8611,1.7684,Lumpy,1.33,1.77,31,58
144171000111,1.8645,1.7499,Lumpy,1.22,1.62,32,58
7455870503,1.8645,1.6187,Lumpy,1.78,2.26,32,58
1318M22G03,1.8845,1.924,Lumpy,1.12,1.55,29,58
3381717070,1.9267,1.7456,Lumpy,0.9,1.18,31,58
D71STA00005G02,1.9267,2.0575,Lumpy,1.36,1.95,31,58
Z212H0010110,1.9575,1.7569,Lumpy,1.62,2.15,30,58
TAAI399814002,1.9583,1.9355,Lumpy,1.21,1.68,29,58
50J94401,1.9586,1.5153,Lumpy,0.97,1.19,30,58
CH535661,1.9917,1.467,Lumpy,0.83,1.0,29,58
2564M14P02,1.9926,2.6357,Lumpy,1.79,2.91,28,58
52N406,1.9931,1.5848,Lumpy,0.84,1.06,30,58
S332T10043,1.9931,1.9831,Lumpy,1.66,2.33,30,58
332A23509,2.0274,2.165,Lumpy,1.34,1.98,29,58
9383M43G14,2.0274,1.8619,Lumpy,0.81,1.11,29,58
2215601517,2.0333,31.2222,Lumpy,0.05,0.29,2,58
2249415511,2.0333,31.2222,Lumpy,0.05,0.29,2,58
K919P12,2.0654,1.832,Lumpy,1.1,1.49,28,58
3051488010,2.0742,2.8141,Lumpy,1.09,1.82,23,58
9392M83P10,2.1333,2.551,Lumpy,0.48,0.77,20,58
1539M73G02,2.1407,2.088,Lumpy,1.24,1.79,28,58
2240152505,2.1407,2.0928,Lumpy,1.28,1.85,28,58
38266802,2.1449,2.3595,Lumpy,1.67,2.57,27,58
F5508056000251,2.1449,2.141,Lumpy,1.22,1.79,27,58
789A000002,2.152,2.6897,Lumpy,1.0,1.64,26,58
D5367531100200,2.1833,2.0933,Lumpy,1.03,1.5,27,58
38262631,2.1846,1.8599,Lumpy,1.17,1.6,27,58
9333M63G01,2.1846,3.1043,Lumpy,1.52,2.67,27,58
3A2482,2.2098,4.0267,Lumpy,0.52,1.04,18,58
9381M35G11,2.2229,5.3549,Lumpy,0.62,1.44,17,58
451015UG00,2.2833,2.0352,Lumpy,0.91,1.3,25,58
38261854,2.319,2.7706,Lumpy,0.64,1.06,22,58
2079342BC,2.3236,22.2227,Lumpy,2.76,13.0,25,58
31616663,2.3391,2.3229,Lumpy,0.83,1.26,24,58
1870M83G01,2.3479,5.7241,Lumpy,1.0,2.39,17,58
52T83701,2.3491,3.2075,Lumpy,0.57,1.02,20,58
332T122312,2.3778,15.24,Lumpy,0.09,0.34,4,58
1559M30G12,2.3826,6.1363,Lumpy,1.48,3.67,24,58
3015472060,2.3841,2.8344,Lumpy,1.03,1.74,24,58
QB040600,2.4222,2.8922,Lumpy,0.79,1.35,19,58
3381211010,2.4275,2.6156,Lumpy,1.02,1.65,24,58
D2567046400200,2.435,2.8798,Lumpy,0.72,1.23,21,58
1473M25G15,2.4651,2.985,Lumpy,0.91,1.58,22,58
855701,2.4696,2.7924,Lumpy,1.4,2.33,24,58
332A23505,2.513,2.9949,Lumpy,0.97,1.67,24,58
51M562,2.5167,18.3333,Lumpy,0.05,0.22,3,58
2215461541,2.5333,15.24,Lumpy,0.17,0.67,5,58
3250299020,2.5348,3.1798,Lumpy,0.97,1.72,23,58
2412550,2.5619,3.5173,Lumpy,0.84,1.58,22,58
8220998102,2.5803,3.3426,Lumpy,1.28,2.33,23,58
457311392,2.5818,2.6552,Lumpy,0.5,0.81,23,58
3400744020,2.5907,2.9945,Lumpy,0.57,0.98,19,58
S241602,2.5926,3.618,Lumpy,0.64,1.21,19,58
801B460002,2.6021,4.8526,Lumpy,0.72,1.6,17,58
5A8793,2.6273,3.2212,Lumpy,0.79,1.42,23,58
38449171,2.7246,3.6474,Lumpy,0.81,1.55,20,58
9392M83P16,2.7367,2.6948,Lumpy,0.78,1.27,21,58
B97H51604,2.763,4.364,Lumpy,0.74,1.55,19,58
4301682,2.7772,2.9679,Lumpy,0.71,1.22,20,58
3400647010,2.7883,3.7269,Lumpy,0.71,1.36,21,58
54T11201,2.8286,3.8827,Lumpy,0.48,0.95,15,58
1679M79G10,2.8647,3.8199,Lumpy,0.66,1.28,18,58
9114623,2.8842,3.3488,Lumpy,1.02,1.86,20,58
WA93BYU3YS11096,2.886,4.3478,Lumpy,0.91,1.91,20,58
38440119,2.89,2.7593,Lumpy,0.62,1.03,21,58
51J03701,2.89,4.7275,Lumpy,0.69,1.5,21,58
19099251,2.9255,3.314,Lumpy,0.76,1.38,18,58
3400190020,2.9738,5.6575,Lumpy,0.57,1.35,15,58
3351043090,2.9792,2.9956,Lumpy,0.52,0.9,17,58
J818P060A,2.9792,3.2068,Lumpy,0.62,1.11,17,58
21SN04340,3.0407,4.8658,Lumpy,0.79,1.75,19,58
F3215004300000,3.0407,2.4031,Lumpy,0.48,0.75,19,58
201300119,3.0421,3.6552,Lumpy,1.0,1.91,20,58
9382M22G02,3.0421,3.618,Lumpy,0.64,1.21,20,58
332T49255,3.0667,28.0,Lumpy,0.03,0.18,2,58
1308M32G06,3.0981,3.785,Lumpy,0.69,1.34,19,58
332T431314,3.1039,2.9956,Lumpy,0.52,0.9,18,58
1473M53G01,3.1083,3.276,Lumpy,0.4,0.72,17,58
1072D000001,3.2111,5.0864,Lumpy,0.62,1.4,19,58
AR48623,3.2111,3.9731,Lumpy,0.76,1.51,19,58
59T549,3.2354,3.8005,Lumpy,0.72,1.41,17,58
F5348609222800,3.3083,25.2907,Lumpy,0.29,1.47,5,58
50L870,3.3625,5.4444,Lumpy,0.52,1.21,17,58
6A5391,3.4,3.8333,Lumpy,0.62,1.22,18,58
9192M65G12,3.4,3.9806,Lumpy,0.66,1.31,18,58
332A22401,3.4511,3.8887,Lumpy,0.53,1.05,16,58
51A19001,3.5,5.96,Lumpy,0.26,0.63,10,58
51U710,3.55,9.9375,Lumpy,0.71,2.23,15,58
7405654501,3.55,4.0173,Lumpy,0.59,1.17,17,58
50N43401,3.5822,3.6032,Lumpy,0.36,0.69,16,58
D5347047400290,3.5822,3.4058,Lumpy,0.53,0.99,16,58
D5757030501900,3.5867,3.7396,Lumpy,0.66,1.27,16,58
71R117,3.6692,4.5917,Lumpy,0.4,0.85,14,58
50T088,3.675,6.25,Lumpy,0.21,0.52,9,58
38400113,3.6905,4.8643,Lumpy,0.66,1.44,15,58
53D157,3.7178,4.2508,Lumpy,0.53,1.1,16,58
3400307020,3.8,6.25,Lumpy,0.21,0.52,9,58
1322M36P01,3.8256,4.0173,Lumpy,0.29,0.59,14,58
1996M12G01,3.8429,5.8639,Lumpy,0.45,1.09,15,58
3222009M00,3.8429,30.4413,Lumpy,1.93,10.65,15,58
3400324010,3.8758,7.2489,Lumpy,0.52,1.39,12,58
AEB794171,3.8889,5.4711,Lumpy,0.38,0.89,13,58
1645M25G03,3.9095,3.3616,Lumpy,0.43,0.79,15,58
9397M28P02,3.9167,4.811,Lumpy,0.4,0.87,15,58
501500409,3.9292,24.7108,Lumpy,0.79,3.94,9,58
10828083,3.9333,8.0748,Lumpy,0.36,1.03,9,58
1968M59G01,4.0548,4.4752,Lumpy,0.43,0.91,15,58
1309M78G08,4.0556,15.24,Lumpy,0.09,0.34,4,58
1825M83G01,4.0556,14.037,Lumpy,0.16,0.58,4,58
1523M74P15,4.059,5.5888,Lumpy,0.43,1.02,14,58
50T467,4.0619,10.0248,Lumpy,0.19,0.6,8,58
S315A20013,4.0667,31.2222,Lumpy,0.05,0.29,2,58
38272654,4.1417,5.09,Lumpy,0.34,0.78,13,58
9253M20P02,4.1533,7.0038,Lumpy,0.4,1.05,11,58
2244252501,4.1545,5.713,Lumpy,0.62,1.48,12,58
9397M87G01,4.2897,3.9806,Lumpy,0.33,0.65,14,58
1303M31G10,4.3139,4.9446,Lumpy,0.33,0.73,13,58
224W9736507,4.3139,8.3195,Lumpy,0.4,1.14,13,58
LA2B00300070000,4.3333,6.7845,Lumpy,0.4,1.03,12,58
38839591,4.3364,5.4444,Lumpy,0.36,0.84,12,58
50R176,4.4273,4.7284,Lumpy,0.31,0.67,12,58
9381M35G04,4.4273,4.9446,Lumpy,0.33,0.73,12,58
5A1900,4.4462,3.9806,Lumpy,0.33,0.65,14,58
0331201960,4.45,6.4756,Lumpy,0.26,0.66,9,58
ASNA2050DCJ2412,4.45,5.4444,Lumpy,0.16,0.36,9,58
38843331,4.4905,7.1488,Lumpy,0.19,0.51,8,58
1152071,4.5111,6.2071,Lumpy,0.22,0.56,10,58
52G000,4.5667,8.28,Lumpy,0.17,0.5,7,58
70R642,4.5667,4.9184,Lumpy,0.36,0.8,13,58
3380514100,4.6121,5.5873,Lumpy,0.33,0.77,12,58
9691M14P14,4.6121,4.1479,Lumpy,0.22,0.46,12,58
54T25801,4.6148,8.6667,Lumpy,0.31,0.91,10,58
1611A000003,4.6152,38.7219,Lumpy,2.07,12.87,12,58
315A23202,4.6333,9.6367,Lumpy,0.29,0.91,8,58
38423293,4.6472,3.7347,Lumpy,0.24,0.47,13,58
3400094010,4.6733,6.4298,Lumpy,0.38,0.96,11,58
38885711,4.7061,5.6582,Lumpy,0.48,1.15,12,58
D2404100010,4.7061,6.25,Lumpy,0.34,0.86,12,58
1015841,4.7306,4.9671,Lumpy,0.47,1.04,13,58
38304051,4.7667,7.8366,Lumpy,0.33,0.92,11,58
CS201303,4.7667,5.0417,Lumpy,0.41,0.93,11,58
38444731,4.7909,4.4187,Lumpy,0.29,0.62,12,58
332A271032,4.8167,4.9671,Lumpy,0.47,1.04,13,58
6A4304,4.8417,23.3669,Lumpy,0.22,1.08,5,58
36136652,4.95,6.1901,Lumpy,0.19,0.47,9,58
38271621,4.9733,6.8765,Lumpy,0.31,0.81,11,58
7138M96G01,4.9733,5.67,Lumpy,0.34,0.82,11,58
8087350,4.9818,6.6528,Lumpy,0.41,1.07,12,58
9648M79P10,5.0667,7.5799,Lumpy,0.22,0.62,8,58
D20404148,5.0667,5.7744,Lumpy,0.43,1.04,11,58
1867M45G01,5.0697,5.5873,Lumpy,0.33,0.77,12,58
38265794,5.0733,5.2215,Lumpy,0.29,0.67,11,58
1447M87G02,5.075,11.8889,Lumpy,0.1,0.36,5,58
9187M73P64,5.08,14.8182,Lumpy,0.19,0.73,6,58
5A1412,5.1767,6.25,Lumpy,0.28,0.69,11,58
1335M94G01,5.2963,6.102,Lumpy,0.24,0.6,10,58
9187M73P80,5.2963,6.7031,Lumpy,0.28,0.71,10,58
6830A040000,5.37,7.7513,Lumpy,0.53,1.49,11,58
X21810,5.38,5.9086,Lumpy,0.33,0.8,11,58
1990M93G01,5.5148,5.5102,Lumpy,0.24,0.57,10,58
3400563020,5.5222,5.96,Lumpy,0.26,0.63,10,58
9374M55G05,5.637,5.96,Lumpy,0.26,0.63,10,58
38838463,5.6571,7.5799,Lumpy,0.22,0.62,8,58
9372M32G11,5.6767,5.6228,Lumpy,0.29,0.7,11,58
1619M57G04,5.75,9.44,Lumpy,0.17,0.53,7,58
3401655030,5.75,8.0625,Lumpy,0.14,0.39,7,58
53D89901,5.7519,6.25,Lumpy,0.28,0.69,10,58
6A4447,5.7519,6.1605,Lumpy,0.31,0.77,10,58
F5746238800200,5.7905,9.7645,Lumpy,0.33,1.02,8,58
50R175,5.8333,14.3878,Lumpy,0.12,0.46,5,58
1472M32G03,5.9167,8.28,Lumpy,0.17,0.5,7,58
3400919010,5.9222,10.2778,Lumpy,0.21,0.66,7,58
1581M56P04,5.9476,7.8611,Lumpy,0.21,0.58,8,58
6A7462,6.0833,8.3086,Lumpy,0.16,0.45,7,58
4421013000,6.0867,14.5845,Lumpy,0.33,1.25,6,58
3400295010,6.0875,10.0381,Lumpy,0.29,0.93,9,58
3401340520,6.0875,6.9911,Lumpy,0.26,0.68,9,58
F5761050003000,6.0875,9.2353,Lumpy,0.29,0.89,9,58
286T3502044,6.1,15.3125,Lumpy,0.14,0.54,4,58
9381M70P01,6.1,13.5,Lumpy,0.14,0.51,4,58
53T25801,6.3417,9.0694,Lumpy,0.41,1.25,9,58
38224231,6.3714,9.0612,Lumpy,0.24,0.73,8,58
6840023E24,6.4867,10.0248,Lumpy,0.19,0.6,6,58
7405692507,6.519,10.31,Lumpy,0.34,1.11,8,58
50A096,6.5958,8.4325,Lumpy,0.29,0.85,9,58
38223534,6.7,9.875,Lumpy,0.14,0.43,6,58
7405688513,6.7611,10.2778,Lumpy,0.21,0.66,7,58
9382M36G05,6.8933,9.7407,Lumpy,0.16,0.48,6,58
ASP4607,7.0833,14.037,Lumpy,0.16,0.58,5,58
50J583003,7.0944,9.44,Lumpy,0.17,0.53,7,58
332A29111,7.1,10.4568,Lumpy,0.31,1.0,8,58
50J44501,7.1333,31.2222,Lumpy,0.05,0.29,2,58
108280129,7.2476,6.8935,Lumpy,0.22,0.59,8,58
1851M95G01,7.2476,9.6391,Lumpy,0.22,0.7,8,58
BACB30PN1234,7.3067,8.6667,Lumpy,0.1,0.3,6,58
D2511082320200,7.3952,9.0612,Lumpy,0.24,0.73,8,58
1894M95G01,7.4444,15.24,Lumpy,0.09,0.34,4,58
3058727010,7.4444,15.24,Lumpy,0.09,0.34,4,58
1582M37G01,7.45,23.0156,Lumpy,0.28,1.32,7,58
70R601,7.5067,11.76,Lumpy,0.17,0.59,6,58
54T57501,7.5133,12.6122,Lumpy,0.24,0.86,6,58
2249314501,7.6714,11.2344,Lumpy,0.28,0.92,8,58
1669M96P03,7.6857,7.1562,Lumpy,0.28,0.74,8,58
1896M60G01,7.7889,15.24,Lumpy,0.09,0.34,4,58
38448348,7.7889,15.24,Lumpy,0.09,0.34,4,58
Z120H030930B,7.8286,9.3827,Lumpy,0.31,0.95,8,58
2214463577,8.1067,8.6667,Lumpy,0.1,0.3,6,58
ATIHSSST18,8.1167,11.8889,Lumpy,0.1,0.36,5,58
9372M21P01,8.1333,18.3333,Lumpy,0.05,0.22,3,58
1561M45G07,8.2833,10.9835,Lumpy,0.19,0.63,7,58
4B0099,8.2833,9.44,Lumpy,0.17,0.53,7,58
36147481,8.3667,14.037,Lumpy,0.16,0.58,5,58
50U204,8.5133,11.1728,Lumpy,0.16,0.52,6,58
7069M94G06,8.6167,12.6049,Lumpy,0.16,0.55,5,58
145275171,8.72,10.6,Lumpy,0.17,0.56,6,58
6A5025,8.72,11.0118,Lumpy,0.22,0.74,6,58
BACB30NX20K35,8.875,15.7769,Lumpy,0.19,0.75,5,58
1456M97G05,9.1267,10.6,Lumpy,0.17,0.56,6,58
2249652501,9.1333,13.5,Lumpy,0.14,0.51,5,58
9049M91P06,9.1333,12.1467,Lumpy,0.26,0.9,7,58
A161A,9.74,11.2344,Lumpy,0.28,0.92,6,58
201510205,9.9467,9.6531,Lumpy,0.12,0.37,6,58
5R0151,10.1333,15.1111,Lumpy,0.1,0.4,4,58
2249785503,10.1667,28.0,Lumpy,0.03,0.18,2,58
1996M38G01,10.3533,15.1302,Lumpy,0.22,0.87,6,58
32385642,10.4778,13.5,Lumpy,0.07,0.25,4,58
1967M90G01,10.4889,14.3878,Lumpy,0.12,0.46,4,58
6A6228,10.6333,20.75,Lumpy,0.07,0.31,3,58
9046M14P01,10.6583,13.5,Lumpy,0.14,0.51,5,58
1316M84G01,10.6667,11.8889,Lumpy,0.1,0.36,5,58
55H99301,10.9167,11.8889,Lumpy,0.1,0.36,5,58
UL26034,11.1333,20.75,Lumpy,0.07,0.31,3,58
2A1208,11.1533,8.6667,Lumpy,0.1,0.3,6,58
1898M57G01,11.1667,18.3333,Lumpy,0.05,0.22,3,58
1821M72P05,11.175,11.6875,Lumpy,0.14,0.47,5,58
50G277001,12.1667,28.0,Lumpy,0.03,0.18,2,58
38275323,12.1833,20.75,Lumpy,0.07,0.31,3,58
1442M77P01,12.425,13.5,Lumpy,0.14,0.51,5,58
55H63501,12.5111,16.7551,Lumpy,0.12,0.49,4,58
4215179619,12.6667,10.6,Lumpy,0.09,0.28,5,58
332U2911141,12.9417,11.8889,Lumpy,0.1,0.36,5,58
2345389500,13.2,31.2222,Lumpy,0.05,0.29,2,58
M15461,13.6833,18.3333,Lumpy,0.05,0.22,3,58
3400527010,13.7167,24.52,Lumpy,0.09,0.43,3,58
7082M61G03,14.1889,21.5289,Lumpy,0.19,0.88,4,58
50L43301,14.2,31.2222,Lumpy,0.05,0.29,2,58
52D65701,14.2667,28.0,Lumpy,0.03,0.18,2,58
56T21701,14.5333,15.24,Lumpy,0.09,0.34,4,58
EN6069D514,15.2111,16.9012,Lumpy,0.16,0.64,4,58
57T89201,15.2222,15.24,Lumpy,0.09,0.34,4,58
2215451521,16.2,31.2222,Lumpy,0.05,0.29,2,58
59H57801,16.2,20.75,Lumpy,0.07,0.31,3,58
5A1712,16.2667,18.3333,Lumpy,0.05,0.22,3,58
54H83101,16.7667,18.3333,Lumpy,0.05,0.22,3,58
1302M30G01,17.2333,42.7959,Lumpy,0.12,0.79,2,58
1800M14G01,17.2667,28.0,Lumpy,0.03,0.18,2,58
2215601521,17.2667,28.0,Lumpy,0.03,0.18,2,58
38275212,17.75,18.3333,Lumpy,0.05,0.22,3,58
54T34001,17.7667,18.3333,Lumpy,0.05,0.22,3,58
3400885030,18.2333,31.2222,Lumpy,0.05,0.29,2,58
356N10031,18.2667,20.75,Lumpy,0.07,0.31,3,58
4B7353,18.7667,18.3333,Lumpy,0.05,0.22,3,58
5A9042,18.7667,18.3333,Lumpy,0.05,0.22,3,58
38818261,19.2667,28.0,Lumpy,0.03,0.18,2,58
38825191,19.2667,21.4898,Lumpy,0.12,0.56,4,58
5A8748,19.2833,33.4375,Lumpy,0.14,0.8,3,58
1642M52G01,20.3,20.75,Lumpy,0.07,0.31,3,58
R22512,20.3333,36.9506,Lumpy,0.16,0.94,2,58
3380236030,20.8167,18.3333,Lumpy,0.05,0.22,3,58
50L133,21.3,28.0,Lumpy,0.03,0.18,2,58
50A130,21.3667,31.2222,Lumpy,0.05,0.29,2,58
2244404523,22.3667,40.8889,Lumpy,0.1,0.66,2,58
56H411,22.3667,28.0,Lumpy,0.03,0.18,2,58
56H440,22.3667,28.0,Lumpy,0.03,0.18,2,58
AS13608N0151,24.3667,35.25,Lumpy,0.07,0.41,2,58
38261681,24.8667,18.3333,Lumpy,0.05,0.22,3,58
1491M17G01,25.4,31.2222,Lumpy,0.05,0.29,2,58
3401234010,26.35,20.75,Lumpy,0.07,0.31,3,58
1454M58G07,26.3833,18.3333,Lumpy,0.05,0.22,3,58
54H933,26.3833,19.88,Lumpy,0.09,0.38,3,58
332A2910112,26.8667,24.52,Lumpy,0.09,0.43,3,58
3380240040,30.4,28.0,Lumpy,0.03,0.18,2,58
2214334505,34.5,28.0,Lumpy,0.03,0.18,2,58
5A9148,38.5667,28.0,Lumpy,0.03,0.18,2,58
2244214507,47.7,35.25,Lumpy,0.07,0.41,2,58
58H325,53.7,31.2222,Lumpy,0.05,0.29,2,58
1492M12P001A,58.0,57.0,Lumpy,0.09,0.65,1,58
1835M18G02,58.0,57.0,Lumpy,0.02,0.13,1,58
2215361503,58.0,57.0,Lumpy,0.03,0.26,1,58
2215401533,58.0,57.0,Lumpy,0.03,0.26,1,58
2244208501,58.0,57.0,Lumpy,0.02,0.13,1,58
2244652501,58.0,57.0,Lumpy,0.02,0.13,1,58
2249017515,58.0,57.0,Lumpy,0.02,0.13,1,58
332T340330,58.0,57.0,Lumpy,0.02,0.13,1,58
332T340374,58.0,57.0,Lumpy,0.02,0.13,1,58
332T447020,58.0,57.0,Lumpy,0.02,0.13,1,58
332T4710116,58.0,57.0,Lumpy,0.02,0.13,1,58
332T471044,58.0,57.0,Lumpy,0.02,0.13,1,58
332T4921303,58.0,57.0,Lumpy,0.02,0.13,1,58
3401063020,58.0,57.0,Lumpy,0.02,0.13,1,58
50U40201,58.0,57.0,Lumpy,0.02,0.13,1,58
51A61101,58.0,57.0,Lumpy,0.02,0.13,1,58
51U30301,58.0,57.0,Lumpy,0.03,0.26,1,58
51U31301,58.0,57.0,Lumpy,0.02,0.13,1,58
52G11201,58.0,57.0,Lumpy,0.02,0.13,1,58
52T69401,58.0,57.0,Lumpy,0.02,0.13,1,58
52T90501,58.0,57.0,Lumpy,0.02,0.13,1,58
53T65601,58.0,57.0,Lumpy,0.02,0.13,1,58
54H267,58.0,57.0,Lumpy,0.02,0.13,1,58
54T15001,58.0,57.0,Lumpy,0.05,0.39,1,58
55H73701,58.0,57.0,Lumpy,0.02,0.13,1,58
57T97001,58.0,57.0,Lumpy,0.02,0.13,1,58
58T77601,58.0,57.0,Lumpy,0.05,0.39,1,58
59T785,58.0,57.0,Lumpy,0.03,0.26,1,58
5A9150,58.0,57.0,Lumpy,0.02,0.13,1,58
6A6199,58.0,57.0,Lumpy,0.02,0.13,1,58
9373M29G06,58.0,57.0,Lumpy,0.02,0.13,1,58
AS13610S0120L,58.0,57.0,Lumpy,0.03,0.26,1,58
D5311272800095,58.0,57.0,Lumpy,0.03,0.26,1,58
NAS12163E18,58.0,57.0,Lumpy,0.02,0.13,1,58
2758,1.014,0.088,Smooth,56.83,16.86,58,58
66087,1.014,0.1889,Smooth,45.78,19.9,58,58
326975,1.014,0.3857,Smooth,27.07,16.81,58,58
442653,1.014,0.3815,Smooth,55.76,34.44,58,58
762246,1.014,0.3496,Smooth,8.38,4.95,58,58
849589,1.014,0.2614,Smooth,27.05,13.83,58,58
898052,1.014,0.1234,Smooth,47.72,16.76,58,58
901906,1.014,0.2469,Smooth,13.72,6.82,58,58
901907,1.014,0.34,Smooth,12.09,7.05,58,58
902864,1.014,0.3247,Smooth,17.38,9.9,58,58
974540,1.014,0.3666,Smooth,19.98,12.1,58,58
1226400,1.014,0.3519,Smooth,17.79,10.55,58,58
534011,1.014,0.2943,Smooth,16.03,8.7,58,58
1706903,1.014,0.3987,Smooth,37.66,23.78,58,58
901013,1.014,0.2563,Smooth,8.79,4.45,58,58
4315542,1.014,0.3069,Smooth,36.6,20.28,58,58
33700002,1.014,0.1128,Smooth,37.84,12.71,58,58
89794077,1.014,0.1308,Smooth,36.86,13.33,58,58
3907130402,1.014,0.1398,Smooth,29.19,10.91,58,58
3945128218,1.014,0.4741,Smooth,18.74,12.9,58,58
4611375003,1.014,0.2213,Smooth,8.93,4.2,58,58
018550000,1.014,0.1362,Smooth,23.36,8.62,58,58
024147000,1.014,0.189,Smooth,45.98,19.99,58,58
066500070432,1.014,0.452,Smooth,24.9,16.74,58,58
066500080406,1.014,0.4835,Smooth,39.38,27.38,58,58
071500018102,1.014,0.1921,Smooth,44.4,19.46,58,58
071500018104,1.014,0.3124,Smooth,14.95,8.36,58,58
0851HL,1.014,0.1367,Smooth,35.93,13.28,58,58
0851HT1,1.014,0.1538,Smooth,39.21,15.38,58,58
0851MC,1.014,0.153,Smooth,23.05,9.02,58,58
0861FL1,1.014,0.2639,Smooth,26.14,13.43,58,58
08825604644,1.014,0.4341,Smooth,39.12,25.78,58,58
100201022090,1.014,0.2535,Smooth,32.38,16.3,58,58
102LA2AG,1.014,0.3102,Smooth,25.69,14.31,58,58
1061110002,1.014,0.4148,Smooth,29.43,18.96,58,58
106216301,1.014,0.3639,Smooth,10.97,6.61,58,58
106310452,1.014,0.1342,Smooth,21.57,7.9,58,58
1074847,1.014,0.2012,Smooth,44.16,19.8,58,58
1074926,1.014,0.1911,Smooth,46.21,20.2,58,58
1211342005,1.014,0.2243,Smooth,18.71,8.86,58,58
1213400,1.014,0.2902,Smooth,22.88,12.33,58,58
1217624,1.014,0.3707,Smooth,19.0,11.57,58,58
12678410,1.014,0.3121,Smooth,17.88,9.99,58,58
1296663,1.014,0.2279,Smooth,37.72,18.01,58,58
14330375,1.014,0.2395,Smooth,47.69,23.34,58,58
1550121221,1.014,0.2603,Smooth,11.36,5.8,58,58
1550162011,1.014,0.2288,Smooth,15.95,7.63,58,58
15622000,1.014,0.3047,Smooth,9.53,5.26,58,58
15800358,1.014,0.1584,Smooth,17.12,6.81,58,58
1721F4,1.014,0.4088,Smooth,24.59,15.72,58,58
1741010201,1.014,0.3471,Smooth,26.43,15.57,58,58
1762000101,1.014,0.3482,Smooth,30.45,17.97,58,58
1777MK3,1.014,0.2105,Smooth,17.79,8.16,58,58
1820M33P14,1.014,0.3571,Smooth,8.64,5.16,58,58
1828203,1.014,0.3406,Smooth,34.62,20.2,58,58
1FA140128,1.014,0.2775,Smooth,32.76,17.26,58,58
2030157102,1.014,0.1083,Smooth,22.5,7.4,58,58
211734220,1.014,0.4447,Smooth,26.4,17.6,58,58
21SN4152,1.014,0.4522,Smooth,24.34,16.37,58,58
22064002,1.014,0.3386,Smooth,64.53,37.55,58,58
22330008161,1.014,0.354,Smooth,10.66,6.34,58,58
2293B020000,1.014,0.3426,Smooth,29.55,17.3,58,58
23419242,1.014,0.4599,Smooth,21.52,14.59,58,58
24388900,1.014,0.238,Smooth,33.69,16.43,58,58
24E507009G03,1.014,0.1148,Smooth,35.24,11.94,58,58
265127821,1.014,0.3711,Smooth,43.93,26.76,58,58
2790583108,1.014,0.3939,Smooth,23.53,14.77,58,58
288237,1.014,0.4301,Smooth,25.64,16.81,58,58
28B5459,1.014,0.3195,Smooth,37.55,21.23,58,58
3031863001,1.014,0.2308,Smooth,29.79,14.31,58,58
3043002,1.014,0.2908,Smooth,28.52,15.38,58,58
31075840,1.014,0.3574,Smooth,29.78,17.8,58,58
312540010,1.014,0.4882,Smooth,18.79,13.13,58,58
312BS1011,1.014,0.2691,Smooth,37.97,19.69,58,58
31421003,1.014,0.2181,Smooth,16.28,7.6,58,58
315313,1.014,0.2277,Smooth,35.36,16.87,58,58
31546,1.014,0.3558,Smooth,30.52,18.2,58,58
32022221,1.014,0.1492,Smooth,40.69,15.72,58,58
3205482,1.014,0.4065,Smooth,24.0,15.3,58,58
32144464,1.014,0.1769,Smooth,63.91,26.88,58,58
32145525,1.014,0.2181,Smooth,51.0,23.82,58,58
32145526,1.014,0.4682,Smooth,53.9,36.88,58,58
32146210,1.014,0.1396,Smooth,17.4,6.5,58,58
32156184,1.014,0.3195,Smooth,28.72,16.24,58,58
32156185,1.014,0.3465,Smooth,29.14,17.15,58,58
3250254020,1.014,0.3938,Smooth,12.71,7.97,58,58
3271553,1.014,0.2846,Smooth,26.45,14.11,58,58
32755383,1.014,0.2213,Smooth,41.07,19.32,58,58
32895625,1.014,0.1405,Smooth,53.16,19.93,58,58
32896302,1.014,0.2238,Smooth,33.86,16.02,58,58
32911866,1.014,0.1888,Smooth,49.07,21.32,58,58
32911867,1.014,0.3343,Smooth,22.26,12.87,58,58
32912142,1.014,0.4192,Smooth,22.55,14.6,58,58
32913903,1.014,0.4335,Smooth,17.91,11.79,58,58
32915563,1.014,0.352,Smooth,23.14,13.73,58,58
3296956,1.014,0.2409,Smooth,20.31,9.97,58,58
3380021140,1.014,0.279,Smooth,25.64,13.54,58,58
3380670150,1.014,0.2135,Smooth,23.72,10.96,58,58
3381086080,1.014,0.376,Smooth,7.83,4.8,58,58
3400010390,1.014,0.4068,Smooth,9.81,6.26,58,58
3400018160,1.014,0.2172,Smooth,20.22,9.42,58,58
3400825010,1.014,0.2773,Smooth,16.84,8.87,58,58
3402523070,1.014,0.3631,Smooth,26.33,15.87,58,58
341000051,1.014,0.1731,Smooth,18.07,7.52,58,58
350544851,1.014,0.1614,Smooth,38.76,15.57,58,58
351H51002,1.014,0.2068,Smooth,29.5,13.42,58,58
38007081,1.014,0.3598,Smooth,27.53,16.52,58,58
38762272,1.014,0.1667,Smooth,21.83,8.91,58,58
38861883,1.014,0.1996,Smooth,18.69,8.35,58,58
38880585,1.014,0.1888,Smooth,25.09,10.9,58,58
38880587,1.014,0.1312,Smooth,32.22,11.67,58,58
3987505,1.014,0.4556,Smooth,19.55,13.2,58,58
3987865,1.014,0.4726,Smooth,31.55,21.69,58,58
3989085,1.014,0.2661,Smooth,37.28,19.23,58,58
4081600930,1.014,0.2793,Smooth,49.19,26.0,58,58
4082260939,1.014,0.449,Smooth,20.03,13.42,58,58
4086850922,1.014,0.3572,Smooth,25.9,15.48,58,58
4404B000004,1.014,0.3402,Smooth,14.98,8.74,58,58
4419215,1.014,0.2093,Smooth,43.98,20.12,58,58
4503513,1.014,0.2998,Smooth,14.22,7.79,58,58
460000H88300,1.014,0.1014,Smooth,42.97,13.68,58,58
4739551,1.014,0.1987,Smooth,17.19,7.66,58,58
4739574,1.014,0.1775,Smooth,27.93,11.77,58,58
4917011,1.014,0.2555,Smooth,14.17,7.16,58,58
5006003D,1.014,0.1624,Smooth,39.43,15.89,58,58
5009913G,1.014,0.3669,Smooth,11.34,6.87,58,58
5145164,1.014,0.1771,Smooth,27.6,11.62,58,58
5198588,1.014,0.1839,Smooth,21.05,9.03,58,58
54007122,1.014,0.2184,Smooth,15.28,7.14,58,58
5416744,1.014,0.216,Smooth,45.76,21.27,58,58
5727561,1.014,0.1713,Smooth,24.21,10.02,58,58
5830201111,1.014,0.3067,Smooth,11.9,6.59,58,58
5860017144,1.014,0.2365,Smooth,10.38,5.05,58,58
5860040107,1.014,0.2942,Smooth,15.98,8.67,58,58
5A32957,1.014,0.3205,Smooth,8.19,4.64,58,58
5A33077,1.014,0.207,Smooth,27.6,12.56,58,58
60070000501,1.014,0.3368,Smooth,16.48,9.57,58,58
6068022,1.014,0.2423,Smooth,53.17,26.17,58,58
607551005,1.014,0.3097,Smooth,21.34,11.88,58,58
60920101,1.014,0.3841,Smooth,9.86,6.11,58,58
6224717004,1.014,0.286,Smooth,33.67,18.01,58,58
6227999003,1.014,0.1934,Smooth,31.43,13.82,58,58
6228973001,1.014,0.1241,Smooth,74.9,26.38,58,58
676000141,1.014,0.3737,Smooth,21.41,13.09,58,58
6764B040000,1.014,0.3299,Smooth,18.57,10.67,58,58
6773F010000,1.014,0.1959,Smooth,30.6,13.55,58,58
6774E010000,1.014,0.2589,Smooth,18.98,9.66,58,58
6774G010000,1.014,0.1485,Smooth,41.53,16.01,58,58
6806404,1.014,0.2311,Smooth,14.55,7.0,58,58
71211997101AC,1.014,0.137,Smooth,19.0,7.03,58,58
7244002,1.014,0.4276,Smooth,25.47,16.65,58,58
739515C,1.014,0.231,Smooth,12.55,6.03,58,58
740119H,1.014,0.2148,Smooth,16.1,7.46,58,58
746A000006,1.014,0.1851,Smooth,22.43,9.65,58,58
752168B,1.014,0.216,Smooth,15.95,7.41,58,58
753D000001,1.014,0.3153,Smooth,12.41,6.97,58,58
754C000001,1.014,0.3234,Smooth,15.31,8.71,58,58
755C000001,1.014,0.197,Smooth,16.57,7.35,58,58
766088B,1.014,0.1509,Smooth,13.31,5.17,58,58
77328915,1.014,0.144,Smooth,24.5,9.3,58,58
77328918,1.014,0.1685,Smooth,17.98,7.38,58,58
7755507,1.014,0.209,Smooth,14.78,6.75,58,58
790425A9,1.014,0.3247,Smooth,25.21,14.36,58,58
7968150203,1.014,0.3102,Smooth,12.64,7.04,58,58
7998014,1.014,0.1331,Smooth,16.34,5.96,58,58
7A1508125,1.014,0.1912,Smooth,25.69,11.23,58,58
8010004,1.014,0.3769,Smooth,12.43,7.63,58,58
80130700,1.014,0.2067,Smooth,61.21,27.83,58,58
80217010,1.014,0.1027,Smooth,30.47,9.76,58,58
80230014,1.014,0.1373,Smooth,74.24,27.51,58,58
80555154501,1.014,0.1745,Smooth,38.26,15.98,58,58
8061536,1.014,0.4068,Smooth,46.81,29.86,58,58
8085561,1.014,0.2148,Smooth,15.48,7.18,58,58
8113903,1.014,0.147,Smooth,21.53,8.26,58,58
8220987003,1.014,0.2968,Smooth,28.74,15.66,58,58
8220990003,1.014,0.2467,Smooth,32.1,15.95,58,58
8221033100,1.014,0.3051,Smooth,26.17,14.46,58,58
8221152002,1.014,0.2177,Smooth,19.29,9.0,58,58
8221293033,1.014,0.2,Smooth,41.55,18.58,58,58
8221338205,1.014,0.1383,Smooth,17.59,6.54,58,58
8221567102,1.014,0.1278,Smooth,17.43,6.23,58,58
8221567104,1.014,0.3645,Smooth,11.19,6.76,58,58
893003,1.014,0.0963,Smooth,33.52,10.4,58,58
89873202,1.014,0.4269,Smooth,7.16,4.67,58,58
90431054,1.014,0.2547,Smooth,10.16,5.13,58,58
90591101,1.014,0.2731,Smooth,22.26,11.63,58,58
9400351001,1.014,0.1545,Smooth,27.16,10.68,58,58
9804700042,1.014,0.2262,Smooth,78.47,37.32,58,58
9806022001,1.014,0.1454,Smooth,75.5,28.79,58,58
A2864012,1.014,0.4128,Smooth,10.4,6.68,58,58
BA04105,1.014,0.4169,Smooth,19.88,12.84,58,58
BA1650101,1.014,0.252,Smooth,21.53,10.81,58,58
C12848CA01,1.014,0.2014,Smooth,26.24,11.78,58,58
C12850AC03,1.014,0.1898,Smooth,30.88,13.45,58,58
C16221WB01,1.014,0.2984,Smooth,15.76,8.61,58,58
C16291AB,1.014,0.1774,Smooth,28.24,11.9,58,58
C16786EA01,1.014,0.2569,Smooth,25.97,13.16,58,58
C17001BA01,1.014,0.2509,Smooth,10.38,5.2,58,58
C19298AF05,1.014,0.1594,Smooth,41.5,16.57,58,58
C19755BA01,1.014,0.1693,Smooth,33.79,13.91,58,58
C20225510,1.014,0.2109,Smooth,41.1,18.88,58,58
C251750003,1.014,0.4568,Smooth,9.78,6.61,58,58
D24001000,1.014,0.1851,Smooth,23.02,9.9,58,58
D30664709,1.014,0.1252,Smooth,29.12,10.3,58,58
D31865111,1.014,0.1382,Smooth,25.31,9.41,58,58
D31865112,1.014,0.1431,Smooth,24.97,9.44,58,58
D5311047700007,1.014,0.292,Smooth,11.05,5.97,58,58
D71702001,1.014,0.1511,Smooth,25.14,9.77,58,58
DMC5017,1.014,0.271,Smooth,120.22,62.58,58,58
DV84567015,1.014,0.3105,Smooth,28.21,15.72,58,58
E21327107,1.014,0.1953,Smooth,14.72,6.51,58,58
E28180200006,1.014,0.2598,Smooth,38.28,19.51,58,58
G7404124,1.014,0.1745,Smooth,18.57,7.76,58,58
HG1050AD15,1.014,0.2117,Smooth,21.21,9.76,58,58
HG1050AE15,1.014,0.2225,Smooth,21.76,10.26,58,58
HG2030BE04,1.014,0.168,Smooth,24.74,10.14,58,58
HG2050AC07,1.014,0.2838,Smooth,19.86,10.58,58,58
HG2050AC11,1.014,0.2514,Smooth,22.66,11.36,58,58
LA2T0G20705C070,1.014,0.3241,Smooth,9.47,5.39,58,58
LA2T0G21006CA10,1.014,0.3832,Smooth,15.84,9.81,58,58
MA30A1017,1.014,0.2661,Smooth,21.79,11.24,58,58
QA07995,1.014,0.2296,Smooth,20.26,9.71,58,58
RCF6708,1.014,0.2478,Smooth,30.33,15.1,58,58
RP23500,1.014,0.4517,Smooth,12.53,8.42,58,58
TC29603,1.014,0.4064,Smooth,8.67,5.53,58,58
Z014H000333B,1.014,0.4036,Smooth,17.79,11.3,58,58
7882,1.0321,0.3809,Smooth,6.79,4.19,57,58
772292,1.0321,0.3978,Smooth,18.53,11.69,57,58
118411934,1.0321,0.3405,Smooth,12.0,7.0,57,58
1211318004,1.0321,0.3426,Smooth,7.91,4.63,57,58
1211318006,1.0321,0.3845,Smooth,7.91,4.91,56,58
1217623,1.0321,0.4537,Smooth,9.41,6.34,57,58
14330350,1.0321,0.3862,Smooth,32.24,20.04,57,58
1853M10G03,1.0321,0.4001,Smooth,13.17,8.33,57,58
2100M64G01,1.0321,0.4498,Smooth,4.95,3.32,57,58
32911723,1.0321,0.4218,Smooth,22.57,14.66,57,58
32912382,1.0321,0.1774,Smooth,18.57,7.82,57,58
32913904,1.0321,0.425,Smooth,10.55,6.88,57,58
3371085200,1.0321,0.4344,Smooth,15.45,10.18,57,58
3400010380,1.0321,0.3503,Smooth,18.34,10.86,57,58
3400012620,1.0321,0.3758,Smooth,18.81,11.53,57,58
350558228,1.0321,0.4671,Smooth,37.79,25.83,57,58
38007021,1.0321,0.2621,Smooth,18.93,9.69,57,58
38223916,1.0321,0.4776,Smooth,8.98,6.21,57,58
38762261,1.0321,0.4861,Smooth,5.93,4.14,57,58
457311382,1.0321,0.1903,Smooth,17.62,7.69,57,58
50N203,1.0321,0.4354,Smooth,5.59,3.69,57,58
5115404,1.0321,0.3725,Smooth,20.81,12.7,57,58
5145177,1.0321,0.4473,Smooth,10.16,6.79,57,58
59136674,1.0321,0.3457,Smooth,15.41,9.06,57,58
632921461,1.0321,0.3026,Smooth,18.4,10.12,57,58
6411271,1.0321,0.2709,Smooth,7.67,3.99,57,58
6425855503,1.0321,0.4755,Smooth,11.05,7.62,57,58
6925464,1.0321,0.2823,Smooth,8.69,4.62,57,58
727810C,1.0321,0.218,Smooth,13.03,6.09,57,58
7405121511,1.0321,0.2774,Smooth,10.36,5.46,57,58
7452010503,1.0321,0.4063,Smooth,9.52,6.07,57,58
7850029,1.0321,0.3386,Smooth,8.66,5.04,56,58
8203110000,1.0321,0.3859,Smooth,10.34,6.43,57,58
8910620,1.0321,0.1815,Smooth,11.5,4.9,57,58
8TC34ABW1,1.0321,0.2732,Smooth,13.03,6.81,57,58
8TJ163AAB1,1.0321,0.388,Smooth,8.22,5.12,57,58
904311016,1.0321,0.3064,Smooth,13.45,7.44,57,58
9400351005,1.0321,0.2936,Smooth,15.9,8.61,57,58
C13042BA08,1.0321,0.2849,Smooth,11.17,5.96,57,58
C19266EA01,1.0321,0.2638,Smooth,11.36,5.84,57,58
C19366AF05,1.0321,0.2129,Smooth,11.79,5.44,57,58
EVT3454HC,1.0321,0.1879,Smooth,23.0,9.97,57,58
G750003,1.0321,0.209,Smooth,14.1,6.45,57,58
H504B,1.0321,0.3163,Smooth,8.14,4.58,57,58
HG2030AE23,1.0321,0.2541,Smooth,16.05,8.09,57,58
J540AI4100,1.0321,0.2912,Smooth,17.9,9.66,57,58
MF100511,1.0321,0.1167,Smooth,17.69,6.04,57,58
UA5385513,1.0321,0.1673,Smooth,18.31,7.49,57,58
VG2201,1.0321,0.3406,Smooth,16.38,9.56,57,58
52N67401,1.0327,0.4206,Smooth,4.47,2.9,56,58
1288M99G14,1.0509,0.2882,Smooth,6.48,3.48,56,58
1288M99G15,1.0509,0.4754,Smooth,5.21,3.59,56,58
16844000,1.0509,0.3485,Smooth,11.24,6.64,56,58
1753M39G03,1.0509,0.4526,Smooth,9.88,6.65,56,58
1803B000002,1.0509,0.405,Smooth,6.62,4.21,56,58
3400018170,1.0509,0.3451,Smooth,14.83,8.71,56,58
38762552,1.0509,0.443,Smooth,12.02,8.0,56,58
39680012,1.0509,0.3495,Smooth,22.67,13.4,56,58
55L201,1.0509,0.4296,Smooth,4.28,2.8,56,58
5727571,1.0509,0.2043,Smooth,16.31,7.37,56,58
761674,1.0509,0.3159,Smooth,8.62,4.85,56,58
8220299020,1.0509,0.4382,Smooth,13.1,8.67,56,58
82830011,1.0509,0.2303,Smooth,19.97,9.58,56,58
90201601,1.0509,0.3739,Smooth,7.69,4.7,56,58
9315M41P20,1.0509,0.4858,Smooth,6.5,4.53,56,58
442634,1.0704,0.4171,Smooth,9.02,5.82,55,58
3204012010,1.0704,0.276,Smooth,12.09,6.35,55,58
3400841020,1.0704,0.3377,Smooth,8.55,4.97,55,58
38762711,1.0704,0.4184,Smooth,7.05,4.56,55,58
8TJ162AAB1,1.0704,0.4727,Smooth,7.34,5.05,55,58
9483011,1.0704,0.4818,Smooth,6.0,4.16,55,58
9972M46G05,1.0704,0.4383,Smooth,8.24,5.46,55,58
21SN04466,1.0906,0.4769,Smooth,4.97,3.43,54,58
OMP25066,1.0906,0.4771,Smooth,4.59,3.17,54,58
1531M84G12,1.0917,0.4852,Smooth,5.14,3.58,53,58
8TC34ABK1,1.1115,0.4736,Smooth,3.38,2.33,53,58
